SupID,SupName,ContactName,SupAddress,SupPhone
1,Johns-Rippin,Kimmy Elven,855 Portage Junction,4432522549
2,"Huel, Kling and Armstrong",Sinclair O'Shevlan,4 Fallview Pass,1103961888
3,Powlowski Inc,Julianna Treswell,46 Lotheville Lane,5205461986
4,Koss-Herman,Delmor MacKerley,7022 Meadow Ridge Court,4404179438
5,Cronin Group,Rebecka Espinoy,48 American Road,5995402990
6,Hermiston-Hills,Haydon Danaher,4874 Oak Valley Crossing,1652317285
7,Paucek-Klocko,Albertine Kiossel,2355 Carpenter Trail,7052613883
8,Williamson-Wilderman,Waverly Capaldi,5 Buhler Plaza,7416604545
9,Effertz-Stark,Abba Overbury,118 Huxley Junction,5161570730
10,"Abbott, Hessel and Kunde",Randie Touhig,740 Colorado Way,4271198075
