CustomerID,CustomerName,CustomerAddress,CustomerPhone
1,Bjorn Dubble,8 Weeping Birch Hill,8424412239
2,Isaac St Clair,136 Jackson Lane,8204234149
3,Haily Thompkins,44886 Barby Terrace,9785911635
4,Micheline Look,0107 2nd Court,8252022799
5,Pooh Awty,56631 Walton Way,4241741153
6,Garald Tinklin,51 Melby Way,2365058644
7,Glennis Gianulli,7826 Goodland Crossing,1119965521
8,Guenevere McKissack,1 Alpine Terrace,3519477608
9,Bridie Peirce,79525 Maple Avenue,7474268608
10,Tremaine Pettingill,71526 Mallory Court,2166364083
11,Cchaddie Pays,48 Anderson Junction,3972206691
12,Urbain Ennion,24 Helena Pass,2412289345
13,Georgie Eland,3 Springs Trail,5419541245
14,Weber Allso,60574 Mccormick Alley,3934371722
15,Kira Brasted,86 Mallard Drive,9675395427
16,Friederike Wollard,66301 Loomis Drive,3132735072
17,Gilbert Spire,1954 Mcguire Park,7944395393
18,Alfreda Gandy,79 Waxwing Center,9281629211
19,Mycah Getch,186 Bunting Hill,4056308451
20,Cristiano Gownge,60 Emmet Point,5138564029
21,Maris Crenage,293 Charing Cross Way,3386434093
22,Nollie FitzGibbon,5 Derek Street,8724506750
23,Adelbert Issitt,3967 Merchant Junction,8396970311
24,Ramona Codrington,06418 Clarendon Lane,2985094925
25,Mycah Edmondson,07 Delladonna Circle,1511411504
26,Doug Antonchik,08829 Marcy Lane,5354887878
27,Alphonse Ferras,6 Blackbird Hill,4857968148
28,Sheba McKeller,3588 Alpine Trail,2194293443
29,Nolie Mack,23 Nevada Circle,5151809196
30,Timmie Tomaini,908 Bonner Drive,2118378700
31,Janela Uden,73167 Nova Plaza,1634370038
32,Charlie MacKill,51354 Golf Course Way,6514097911
33,Edwin Aulsford,5517 Buell Park,3701316794
34,Kippy Airs,613 Monica Avenue,4925401299
35,Sherm MacCarter,806 Red Cloud Hill,3755469927
36,Farand Bergstrand,2452 Fordem Junction,6838265495
37,Nancey Schwandermann,1 Toban Place,1394072233
38,Anthe Spybey,52 Old Gate Way,1407214166
39,Kristo O'Fielly,859 Butterfield Drive,7242435784
40,Anna Millington,07 Manitowish Drive,6929517911
41,Kate De Atta,19353 Ilene Park,5179841845
42,Jeri Stonham,278 Sage Way,9525395065
43,Roanna Fewster,104 Coolidge Plaza,8307087462
44,Nikolia Vose,21971 Shoshone Circle,2826763858
45,Jedd Zealy,21960 Warrior Alley,4066461399
46,Adrea Rozenbaum,954 Sauthoff Crossing,6041081777
47,Andree Ringham,416 Armistice Hill,6302189239
48,Angelia Antonovic,8919 Bartillon Circle,2023125058
49,Dniren Timoney,485 Mesta Center,9825266864
50,Lee Quadling,4322 Calypso Street,1788799624
51,Kelli Stonbridge,1 Village Plaza,5708719796
52,Egon Note,5146 Marcy Circle,8522614456
53,Rochelle Hadwin,72 Truax Way,3576459903
54,Bernice Braunroth,8371 Bartelt Terrace,4985554508
55,Jon Whetson,585 Nancy Hill,8744814258
56,Cinderella Haile,194 Farmco Parkway,4832293613
57,Roarke Gatheridge,21 Fallview Trail,8002154419
58,Barris Medlicott,2834 Iowa Park,5916359125
59,Merry Durgan,707 Pond Place,5392714909
60,Pablo Plumridge,9990 Loftsgordon Way,3838257000
61,Rafaela Bowery,99 Granby Center,7367871748
62,Teodorico Tidbold,85243 Anthes Way,6587163900
63,Cordy Gander,244 Carpenter Way,2595821754
64,Kellyann Labell,6741 Dryden Junction,2296670666
65,Demetre Danett,0957 Lotheville Road,6294383253
66,Shir Mullins,41747 Westport Junction,4035032831
67,Sydel Meachen,94679 Moose Point,2016743650
68,Leodora Skase,8 Ridgeway Plaza,1303584993
69,Gwenore Darcey,28559 Iowa Parkway,3651313583
70,Gustav Osbaldeston,823 Bashford Center,5235046630
71,Annalise Gittus,879 Ramsey Court,3043479904
72,Greta Keveren,81 Steensland Junction,7566835390
73,Susannah Jiggen,53 Bobwhite Crossing,7703952606
74,Janot Alldridge,88896 Prentice Street,8845727886
75,Laryssa Ackermann,8130 Blackbird Point,8542785354
76,Alicea Targe,97 Lakewood Gardens Pass,5057922219
77,Cordell Sturmey,321 Judy Center,1726090235
78,Audi Babin,49861 New Castle Avenue,5174259288
79,Brear Furmage,5 Waubesa Park,8842310487
80,Michaella Knobell,2 Arapahoe Point,7276664580
81,Anet Scartifield,554 Bay Trail,9763239567
82,Conchita Footitt,1 Golf View Parkway,6127773941
83,Perrine Guyver,84 Welch Place,6347804381
84,Vincenz Venny,325 Novick Park,6856360950
85,Estel Janata,04 Maple Center,1436350256
86,Glen Greensitt,19531 Holmberg Trail,5857835832
87,Camel Hurworth,6 Manitowish Court,2501979680
88,Genni Ventham,4168 Nova Alley,3202076213
89,Jackqueline Drakeford,1 Eastwood Place,8788975728
90,Aimee Stanney,7706 Carioca Parkway,9123205773
91,Tillie Wason,772 Merchant Road,2408623897
92,Westbrook Aberdalgy,70 Main Circle,8312933258
93,Conny Jansema,063 Crownhardt Center,3416736544
94,Jackquelin Ludman,9 Rutledge Junction,2741507862
95,Caye Salaman,5974 Butternut Trail,8957360846
96,Jessika Simenel,5494 Duke Street,7125206240
97,Buck Rohan,63122 Division Parkway,8803229735
98,Kaiser Shefton,089 Vidon Crossing,6277236432
99,Maia Gough,95 Thierer Street,7539566834
100,Weider Saffle,9 Warbler Point,8655785868
